{
	"format_version": "1.21.6",
	"credit": "Made with Blockbench",
	"texture_size": [8, 8],
	"textures": {
		"0": "kings1",
		"1": "kings2",
		"2": "kings3",
		"particle": "kings1"
	},
	"elements": [
		{
			"from": [7.3, 9, 6.7],
			"to": [8.7, 27, 9.3],
			"rotation": {"angle": 0, "axis": "y", "origin": [7, 10, 7]},
			"faces": {
				"north": {"uv": [2, 0, 2.375, 4.5], "texture": "#0"},
				"east": {"uv": [0, 0, 0.875, 4.5], "texture": "#0"},
				"south": {"uv": [2.5, 0, 2.875, 4.5], "texture": "#0"},
				"west": {"uv": [1, 0, 1.875, 4.5], "texture": "#0"},
				"up": {"uv": [2.375, 5.375, 2, 4.5], "texture": "#0"},
				"down": {"uv": [2.875, 4.5, 2.5, 5.375], "texture": "#0"}
			}
		},
		{
			"from": [7.1, 10, 7.2],
			"to": [8.6, 26, 8.8],
			"rotation": {"angle": 0, "axis": "y", "origin": [6.9, 10, 7]},
			"faces": {
				"north": {"uv": [3, 0, 3.375, 4], "texture": "#0"},
				"east": {"uv": [3.5, 0, 3.875, 4], "texture": "#0"},
				"south": {"uv": [4, 0, 4.375, 4], "texture": "#0"},
				"west": {"uv": [3, 4, 3.375, 8], "texture": "#0"},
				"up": {"uv": [5.375, 0.375, 5, 0], "texture": "#0"},
				"down": {"uv": [5.375, 0.5, 5, 0.875], "texture": "#0"}
			}
		},
		{
			"from": [7.4, 14.8, 2],
			"to": [8.6, 16.7, 3.8],
			"rotation": {"angle": 45, "axis": "x", "origin": [7, 15.2, 19]},
			"faces": {
				"north": {"uv": [4.5, 4, 4.75, 4.625], "texture": "#0"},
				"east": {"uv": [0.5, 4.5, 1.125, 5.125], "texture": "#0"},
				"south": {"uv": [4.75, 4, 5, 4.625], "texture": "#0"},
				"west": {"uv": [1.25, 4.5, 1.875, 5.125], "texture": "#0"},
				"up": {"uv": [4.75, 5.375, 4.5, 4.75], "texture": "#0"},
				"down": {"uv": [5, 4.75, 4.75, 5.375], "texture": "#0"}
			}
		},
		{
			"from": [7.2, 14.2, 2.3],
			"to": [8.4, 15.3, 3.5],
			"rotation": {"angle": 45, "axis": "x", "origin": [6.8, 14.1, 19]},
			"faces": {
				"north": {"uv": [5, 2, 5.25, 2.25], "texture": "#0"},
				"east": {"uv": [5, 2.25, 5.25, 2.5], "texture": "#0"},
				"south": {"uv": [5, 2.5, 5.25, 2.75], "texture": "#0"},
				"west": {"uv": [5, 2.75, 5.25, 3], "texture": "#0"},
				"up": {"uv": [5.25, 3.25, 5, 3], "texture": "#0"},
				"down": {"uv": [5.25, 3.25, 5, 3.5], "texture": "#0"}
			}
		},
		{
			"from": [7.4, 10, 7.2],
			"to": [8.9, 26, 8.8],
			"rotation": {"angle": 0, "axis": "y", "origin": [7.2, 10, 7]},
			"faces": {
				"north": {"uv": [3.5, 4, 3.875, 8], "texture": "#0"},
				"east": {"uv": [4, 4, 4.375, 8], "texture": "#0"},
				"south": {"uv": [0, 4.5, 0.375, 8.5], "texture": "#0"},
				"west": {"uv": [4.5, 0, 4.875, 4], "texture": "#0"},
				"up": {"uv": [5.375, 1.375, 5, 1], "texture": "#0"},
				"down": {"uv": [5.375, 1.5, 5, 1.875], "texture": "#0"}
			}
		},
		{
			"from": [7.6, 14.2, 2.3],
			"to": [8.8, 15.3, 3.5],
			"rotation": {"angle": 45, "axis": "x", "origin": [7.2, 14.1, 19]},
			"faces": {
				"north": {"uv": [5, 3.5, 5.25, 3.75], "texture": "#0"},
				"east": {"uv": [5, 3.75, 5.25, 4], "texture": "#0"},
				"south": {"uv": [5, 4, 5.25, 4.25], "texture": "#0"},
				"west": {"uv": [5, 4.25, 5.25, 4.5], "texture": "#0"},
				"up": {"uv": [5.25, 4.75, 5, 4.5], "texture": "#0"},
				"down": {"uv": [5.25, 4.75, 5, 5], "texture": "#0"}
			}
		},
		{
			"from": [7.5, 3.4, 8],
			"to": [8.5, 4.8, 9.4],
			"rotation": {"angle": 45, "axis": "x", "origin": [7, 3.1, 16]},
			"faces": {
				"north": {"uv": [7.5, 7, 8, 7.75], "texture": "#1"},
				"east": {"uv": [7, 2, 7.75, 2.75], "texture": "#1"},
				"south": {"uv": [1.5, 8, 2, 8.75], "texture": "#1"},
				"west": {"uv": [7, 3, 7.75, 3.75], "texture": "#1"},
				"up": {"uv": [2.5, 8.75, 2, 8], "texture": "#1"},
				"down": {"uv": [8.5, 2, 8, 2.75], "texture": "#1"}
			}
		},
		{
			"from": [7.5, 3.4, 0.9],
			"to": [8.5, 4.8, 2.3],
			"rotation": {"angle": 45, "axis": "x", "origin": [7, 3.1, 8.9]},
			"faces": {
				"north": {"uv": [2.5, 8, 3, 8.75], "texture": "#1"},
				"east": {"uv": [7, 4, 7.75, 4.75], "texture": "#1"},
				"south": {"uv": [3, 8, 3.5, 8.75], "texture": "#1"},
				"west": {"uv": [7.5, 0, 8.25, 0.75], "texture": "#1"},
				"up": {"uv": [8.5, 3.75, 8, 3], "texture": "#1"},
				"down": {"uv": [4, 8, 3.5, 8.75], "texture": "#1"}
			}
		},
		{
			"from": [7.3, 8.3, 5],
			"to": [8.7, 9.7, 11],
			"rotation": {"angle": 0, "axis": "y", "origin": [7, 8, 13]},
			"faces": {
				"north": {"uv": [7.5, 1, 8.25, 1.75], "texture": "#1"},
				"east": {"uv": [4.5, 0, 7.5, 0.75], "texture": "#1"},
				"south": {"uv": [7.5, 5, 8.25, 5.75], "texture": "#1"},
				"west": {"uv": [4.5, 1, 7.5, 1.75], "texture": "#1"},
				"up": {"uv": [1.25, 7, 0.5, 4], "texture": "#1"},
				"down": {"uv": [5.25, 2, 4.5, 5], "texture": "#1"}
			}
		},
		{
			"from": [7, 2.7, 5.9],
			"to": [9, 5.1, 8.3],
			"rotation": {"angle": 45, "axis": "x", "origin": [7, 2.4, 6.6]},
			"faces": {
				"north": {"uv": [6.5, 5, 7.5, 6.25], "texture": "#1"},
				"east": {"uv": [5.5, 2, 6.75, 3.25], "texture": "#1"},
				"south": {"uv": [5.5, 6.5, 6.5, 7.75], "texture": "#1"},
				"west": {"uv": [5.5, 3.5, 6.75, 4.75], "texture": "#1"},
				"up": {"uv": [7.5, 7.75, 6.5, 6.5], "texture": "#1"},
				"down": {"uv": [1.5, 7, 0.5, 8.25], "texture": "#1"}
			}
		},
		{
			"from": [7, 8.5, 5.6],
			"to": [9, 11.5, 8.6],
			"rotation": {"angle": 45, "axis": "x", "origin": [7, 8.5, 6.6]},
			"faces": {
				"north": {"uv": [5.5, 5, 6.5, 6.5], "texture": "#1"},
				"east": {"uv": [1.5, 5, 3, 6.5], "texture": "#1"},
				"south": {"uv": [1.5, 6.5, 2.5, 8], "texture": "#1"},
				"west": {"uv": [3, 5, 4.5, 6.5], "texture": "#1"},
				"up": {"uv": [3.5, 8, 2.5, 6.5], "texture": "#1"},
				"down": {"uv": [4.5, 6.5, 3.5, 8], "texture": "#1"}
			}
		},
		{
			"from": [7.6, 3, 7.1],
			"to": [8.4, 9.6, 8.9],
			"rotation": {"angle": 0, "axis": "y", "origin": [7, 1.6, 7]},
			"faces": {
				"north": {"uv": [4.5, 5, 5, 9], "texture": "#1"},
				"east": {"uv": [0, 0, 1, 4], "texture": "#1"},
				"south": {"uv": [5, 5, 5.5, 9], "texture": "#1"},
				"west": {"uv": [1, 0, 2, 4], "texture": "#1"},
				"up": {"uv": [2, 5, 1.5, 4], "texture": "#1"},
				"down": {"uv": [8, 6, 7.5, 7], "texture": "#1"}
			}
		},
		{
			"from": [7.5, 2.3, 7.3],
			"to": [8.5, 11.6, 8.7],
			"rotation": {"angle": 0, "axis": "y", "origin": [7, 1.6, 7]},
			"faces": {
				"north": {"uv": [0, 4, 0.5, 9], "texture": "#1"},
				"east": {"uv": [2, 0, 2.75, 5], "texture": "#1"},
				"south": {"uv": [4, 0, 4.5, 5], "texture": "#1"},
				"west": {"uv": [3, 0, 3.75, 5], "texture": "#1"},
				"up": {"uv": [4.5, 8.75, 4, 8], "texture": "#1"},
				"down": {"uv": [8.5, 4, 8, 4.75], "texture": "#1"}
			}
		},
		{
			"from": [6.8, 9.2, 6.3],
			"to": [9.2, 10.8, 7.9],
			"rotation": {"angle": 45, "axis": "x", "origin": [7, 8.5, 6.6]},
			"faces": {
				"north": {"uv": [0, 0, 5, 3], "texture": "#2"},
				"east": {"uv": [0, 8, 3, 11], "texture": "#2"},
				"south": {"uv": [0, 4, 5, 7], "texture": "#2"},
				"west": {"uv": [4, 8, 7, 11], "texture": "#2"},
				"up": {"uv": [11, 3, 6, 0], "texture": "#2"},
				"down": {"uv": [11, 4, 6, 7], "texture": "#2"}
			}
		}
	],
	"groups": [
		{
			"name": "group",
			"origin": [7, 3.5, 16],
			"color": 0,
			"children": [0, 1, 2, 3, 4, 5]
		},
		{
			"name": "group",
			"origin": [7, 3.5, 16],
			"color": 0,
			"children": [6, 7, 8, 9, 10, 11, 12]
		},
		{
			"name": "group",
			"origin": [8, 8, 8],
			"color": 0,
			"children": [13]
		}
	]
}